ID,Task,Finish_Date,Priority,Completed
1,Task1,2024-03-05,2,1.0
2,Task2,2024-03-22,0,0.0
3,Task3,2024-03-23,1,0.0
4,Task4,2024-03-15,2,1.0
5,Task5,2024-03-25,1,0.0
6,Task6,2024-04-05,0,0.0
7,Task7,2024-03-05,2,1.0
8,Task8,2024-02-05,1,0.0
9,Task9,2024-04-05,2,1.0
10,Task10,2024-05-05,0,0.0
11,Task11,2024-06-15,0,0.0
12,Task12,2024-03-25,2,1.0
13,Task13,2024-04-30,1,0.0
14,Task14,2024-03-25,2,1.0
15,Task15,2024-03-25,0,0.0
16,Task16,2024-03-15,1,0.0
17,Task17,2024-03-12,2,1.0
18,Task18,2024-03-13,0,0.0
19,Task19,2024-03-14,1,0.0
20,Task20,2024-03-11,0,0.0
21,Task21,2024-03-09,1,0.0
22,Task22,2024-03-01,1,0.0
23,Task23,2024-04-23,0,0.0
24,Task24,2024-04-05,1,0.0
25,Task25,2024-04-15,2,1.0
26,Task26,2024-04-10,0,0.0
27,Task27,2024-01-04,2,1.0
28,Task28,2024-02-29,1,0.0
29,Task29,2024-03-30,0,0.0
30,Task30,2024-04-15,0,0.0
31,Task31,2024-05-25,1,0.0
32,Task32,2024-06-13,2,1.0
33,Task33,2024-06-02,1,0.0
34,Task34,2024-08-23,0,0.0
35,Task35,2024-09-13,1,0.0
36,Task36,2024-10-14,1,0.0
37,Task37,2024-11-12,2,1.0
38,Task38,2024-12-15,1,0.0
39,Task39,2024-12-25,0,0.0
40,Task40,2024-04-15,2,1.0
41,Task41,2024-05-15,1,0.0
42,Task42,2024-06-15,0,0.0
43,Task43,2024-07-15,0,0.0
44,Task44,2024-08-15,2,1.0
45,Task45,2024-09-15,0,0.0
46,Task46,2024-10-15,2,1.0
47,Task47,2024-11-15,1,0.0
48,Task48,2024-12-15,0,1.0
49,Task49,2024-03-05,1,0.0
50,Teas50,2024-02-12,1,1.0
51,testing ,2024-2-12,0,1.0
52,testing ,2024-2-12,0,1.0
53,testing ,2024-2-12,0,
